{
  "experiment_id": "exp_6_1",
  "title": "Falsification Rate Comparison of Attribution Methods",
  "timestamp": "20251018_180300",
  "parameters": {
    "n_pairs": 200,
    "K_counterfactuals": 100,
    "theta_high": 0.7,
    "theta_low": 0.2,
    "tau_high": 0.8,
    "tau_low": 0.3,
    "epsilon_margin": 0.3,
    "seed": 42
  },
  "sample_size_validation": {
    "n_samples": 200,
    "required_n": 221,
    "is_valid": false
  },
  "results": {
    "Grad-CAM": {
      "falsification_rate": 46.06514613813413,
      "confidence_interval": {
        "lower": 39.29627182440451,
        "upper": 52.982327662411166,
        "level": 0.95
      },
      "n_samples": 200
    },
    "SHAP": {
      "falsification_rate": 46.79892066772637,
      "confidence_interval": {
        "lower": 40.009147604100825,
        "upper": 53.70934450090436,
        "level": 0.95
      },
      "n_samples": 200
    },
    "LIME": {
      "falsification_rate": 51.77729210058074,
      "confidence_interval": {
        "lower": 44.88414031298906,
        "upper": 58.60345658876604,
        "level": 0.95
      },
      "n_samples": 200
    }
  },
  "statistical_tests": {
    "Grad-CAM_vs_SHAP": {
      "statistic": 0.0,
      "p_value": 1.0,
      "is_significant": false,
      "test_name": "Chi-square test",
      "effect_size": -0.014713133579638882,
      "alpha": 0.05
    },
    "Grad-CAM_vs_LIME": {
      "statistic": 1.0006253908692933,
      "p_value": 0.31715922888540704,
      "is_significant": false,
      "test_name": "Chi-square test",
      "effect_size": -0.11433186765357317,
      "alpha": 0.05
    },
    "SHAP_vs_LIME": {
      "statistic": 0.8103241296518607,
      "p_value": 0.3680244390205677,
      "is_significant": false,
      "test_name": "Chi-square test",
      "effect_size": -0.09961873407393429,
      "alpha": 0.05
    }
  },
  "key_findings": {
    "best_method": "Grad-CAM",
    "worst_method": "LIME",
    "range": [
      46.06514613813413,
      51.77729210058074
    ]
  }
}