{
  "experiment_id": "exp_6_5_fixed",
  "title": "FIXED: Hypersphere Sampling Validation",
  "implementation": "TESTS THEOREM 3.6 ALGORITHM (hypersphere sampling, not image inversion)",
  "timestamp": "20251019_123717",
  "parameters": {
    "n_trials": 5000,
    "noise_scale": 0.3,
    "sample_sizes": [
      10,
      25,
      50,
      100,
      250,
      500
    ],
    "n_bootstrap": 100,
    "device": "cuda",
    "seed": 42
  },
  "sampling_test": {
    "success_rate": 100.0,
    "n_success": 5000,
    "n_total": 5000,
    "mean_distance": 1.4242736742213677,
    "std_distance": 0.004527714888029811,
    "median_distance": 1.424417711376312,
    "mean_normalization_error": 1.6546249389648438e-08,
    "max_normalization_error": 1.1920928955078125e-07,
    "distances_achieved": [
      1.4183008353977609,
      1.4192045860534044,
      1.4274957999696263,
      1.4352712398489558,
      1.4193018731254168,
      1.4183754466798726,
      1.4282751783882814,
      1.4235496489346544,
      1.4250840020866835,
      1.4264502834911388,
      1.4274115640509977,
      1.4230566708643886,
      1.4319650983601167,
      1.4266820937888993,
      1.4237247827469197,
      1.4273669238683147,
      1.4232788950969764,
      1.418667732554524,
      1.4232800249553401,
      1.4218497129376853,
      1.4240068763179121,
      1.431380720760159,
      1.4184142972756086,
      1.430765491104305,
      1.4284056333201542,
      1.428171201078201,
      1.423944710395736,
      1.426858652866406,
      1.4298340956814544,
      1.4272004352787429,
      1.4288022218125427,
      1.4259396860258533,
      1.424796983054872,
      1.4291888385731772,
      1.42797346377387,
      1.4267802663736415,
      1.4249390256278611,
      1.4252693373314402,
      1.419346099525418,
      1.4218032581476119,
      1.4236241257992337,
      1.4345747176981065,
      1.426676251572595,
      1.4211264701473691,
      1.4227835619637714,
      1.4217974267903943,
      1.4206231553800113,
      1.4264486421952027,
      1.420817249107213,
      1.4202699169899182,
      1.424778126156921,
      1.4249700212697802,
      1.421272463157738,
      1.4096559318083979,
      1.426411148263951,
      1.4213840956135726,
      1.4153921939344145,
      1.4183464706480544,
      1.4278300235570647,
      1.4162791743023553,
      1.4255738659752006,
      1.42757157378272,
      1.429203348516395,
      1.427527205628267,
      1.428660394262049,
      1.4238655071399817,
      1.4386982840571336,
      1.4268390789120893,
      1.4191806484487213,
      1.4274963871332937,
      1.43236782136455,
      1.4246624081210286,
      1.4137469770734756,
      1.431505972203985,
      1.4238711860653994,
      1.4239463071045475,
      1.424333030932574,
      1.4276231982647665,
      1.4269199039277916,
      1.4258702190663606,
      1.4334060225848162,
      1.4296392951099572,
      1.42223458362609,
      1.4195525155929924,
      1.4206613747676886,
      1.4306579991389643,
      1.424135228235374,
      1.432023792280207,
      1.4195432304763995,
      1.4309268388599443,
      1.4301275431046347,
      1.4203564122578463,
      1.4265330253798407,
      1.4291704903758637,
      1.4249308323928094,
      1.4217875270327314,
      1.4196520132336616,
      1.4316753229838195,
      1.4179475471174587,
      1.4248326935386384
    ]
  },
  "sample_size_test": {
    "n_10": {
      "n": 10,
      "fr_mean": 100.0,
      "fr_std": 0.0,
      "theoretical_std": 0.0,
      "ratio": 1.0,
      "ci_lower": 100.0,
      "ci_upper": 100.0,
      "ci_width": 0.0,
      "bootstrap_frs": [
        100.0,
        100.0,
        100.0,
        100.0,
        100.0,
        100.0,
        100.0,
        100.0,
        100.0,
        100.0,
        100.0,
        100.0,
        100.0,
        100.0,
        100.0,
        100.0,
        100.0,
        100.0,
        100.0,
        100.0,
        100.0,
        100.0,
        100.0,
        100.0,
        100.0,
        100.0,
        100.0,
        100.0,
        100.0,
        100.0,
        100.0,
        100.0,
        100.0,
        100.0,
        100.0,
        100.0,
        100.0,
        100.0,
        100.0,
        100.0,
        100.0,
        100.0,
        100.0,
        100.0,
        100.0,
        100.0,
        100.0,
        100.0,
        100.0,
        100.0,
        100.0,
        100.0,
        100.0,
        100.0,
        100.0,
        100.0,
        100.0,
        100.0,
        100.0,
        100.0,
        100.0,
        100.0,
        100.0,
        100.0,
        100.0,
        100.0,
        100.0,
        100.0,
        100.0,
        100.0,
        100.0,
        100.0,
        100.0,
        100.0,
        100.0,
        100.0,
        100.0,
        100.0,
        100.0,
        100.0,
        100.0,
        100.0,
        100.0,
        100.0,
        100.0,
        100.0,
        100.0,
        100.0,
        100.0,
        100.0,
        100.0,
        100.0,
        100.0,
        100.0,
        100.0,
        100.0,
        100.0,
        100.0,
        100.0,
        100.0
      ]
    },
    "n_25": {
      "n": 25,
      "fr_mean": 100.0,
      "fr_std": 0.0,
      "theoretical_std": 0.0,
      "ratio": 1.0,
      "ci_lower": 100.0,
      "ci_upper": 100.0,
      "ci_width": 0.0,
      "bootstrap_frs": [
        100.0,
        100.0,
        100.0,
        100.0,
        100.0,
        100.0,
        100.0,
        100.0,
        100.0,
        100.0,
        100.0,
        100.0,
        100.0,
        100.0,
        100.0,
        100.0,
        100.0,
        100.0,
        100.0,
        100.0,
        100.0,
        100.0,
        100.0,
        100.0,
        100.0,
        100.0,
        100.0,
        100.0,
        100.0,
        100.0,
        100.0,
        100.0,
        100.0,
        100.0,
        100.0,
        100.0,
        100.0,
        100.0,
        100.0,
        100.0,
        100.0,
        100.0,
        100.0,
        100.0,
        100.0,
        100.0,
        100.0,
        100.0,
        100.0,
        100.0,
        100.0,
        100.0,
        100.0,
        100.0,
        100.0,
        100.0,
        100.0,
        100.0,
        100.0,
        100.0,
        100.0,
        100.0,
        100.0,
        100.0,
        100.0,
        100.0,
        100.0,
        100.0,
        100.0,
        100.0,
        100.0,
        100.0,
        100.0,
        100.0,
        100.0,
        100.0,
        100.0,
        100.0,
        100.0,
        100.0,
        100.0,
        100.0,
        100.0,
        100.0,
        100.0,
        100.0,
        100.0,
        100.0,
        100.0,
        100.0,
        100.0,
        100.0,
        100.0,
        100.0,
        100.0,
        100.0,
        100.0,
        100.0,
        100.0,
        100.0
      ]
    },
    "n_50": {
      "n": 50,
      "fr_mean": 100.0,
      "fr_std": 0.0,
      "theoretical_std": 0.0,
      "ratio": 1.0,
      "ci_lower": 100.0,
      "ci_upper": 100.0,
      "ci_width": 0.0,