{
  "timestamp": "20251019_132149",
  "device": "cuda",
  "benchmark_K": {
    "K_values": [
      10,
      25,
      50,
      100,
      200
    ],
    "mean_times": [
      0.03746299743652344,
      0.05322742462158203,
      0.10459680557250976,
      0.20666117668151857,
      0.4081292629241943
    ],
    "std_times": [
      0.03176200226350001,
      0.00010811592519541752,
      0.001557161612639975,
      0.0030738444879476394,
      0.004027752432116567
    ],
    "min_times": [
      0.02148127555847168,
      0.05308818817138672,
      0.10265517234802246,
      0.20209813117980957,
      0.4037942886352539
    ],
    "max_times": [
      0.10098671913146973,
      0.05340313911437988,
      0.10598921775817871,
      0.210768461227417,
      0.4157557487487793
    ]
  },
  "benchmark_D": {
    "D_values": [
      128,
      256,
      512,
      1024
    ],
    "mean_times": [
      0.10121760368347169,
      0.10195212364196778,
      0.1014528751373291,
      0.1019052505493164
    ],
    "std_times": [
      0.0006105545309962984,
      0.002029154423498839,
      0.0004002260587370861,
      0.00045440981517548063
    ],
    "min_times": [
      0.10044145584106445,
      0.10054874420166016,
      0.10095000267028809,
      0.10153961181640625
    ],
    "max_times": [
      0.10203361511230469,
      0.10585856437683105,
      0.10205435752868652,
      0.10279726982116699
    ]
  },
  "benchmark_M": {
    "M_values": [
      64,
      96,
      128,
      160,
      224
    ],
    "mean_times": [
      0.030834722518920898,
      0.047855043411254884,
      0.07135205268859864,
      0.10064377784729003,
      0.18617539405822753
    ],
    "std_times": [
      0.003313518014381396,
      0.000468677554579714,
      0.001257058718574513,
      8.756483126910813e-05,
      0.0020152001321819845
    ],
    "min_times": [
      0.028905391693115234,
      0.04715228080749512,
      0.07005953788757324,
      0.10049176216125488,
      0.1849367618560791
    ],
    "max_times": [
      0.03744816780090332,
      0.048614501953125,
      0.07335066795349121,
      0.10075569152832031,
      0.19019532203674316
    ]
  }
}